Azi_Mean,Ele_Mean,Azi_SDev,Ele_SDev
0.10137159187447696,0.04636247548570638,0.22736667462896323,0.13024715794000882
