Azi_Mean,Ele_Mean,Azi_SDev,Ele_SDev
0.016395993749650374,-0.0006542118887668043,0.14400889944588338,0.12464650235836475
